Name,Description
ca-eccc-msc,"Environment and Climate Change Canada, Meteorological Service of Canada"
ca-eccc-msc-gdc,"Environment and Climate Change Canada, Meteorological Service of Canada, Global Discovery Catalogue Service"
cu-insmet,Institute of Meteorology of Cuba
de-dwd,Deutscher Wetterdienst
de-dwd-gts-to-wis2,"Deutscher Wetterdienst, GTS to WIS2 Gateway"
fr-meteo-france,Météo-France
int-ecmwf,European Centre for Medium-Range Weather Forecasts
it-meteoam,Italian National Centre of Meteorology and Climatology
org-woudc,World Ozone and Ultraviolet Radiation Data Centre
us-synoptic_data_pbc,Synoptic Data Public Benefit Corporation (PBC)
