Name,Description,Source,Status
ae-ncm,National Centre of Meteorology (NCM) (United Arab Emirates),,Pre-operational
ag-antiguamet,Antigua and Barbuda Meteorological Services,,Operational
ai-metservice,Caribbean Meteorological Organization (Anguilla),,Operational
ar-smn,Servicio Meteorológico Nacional (Argentina),,Operational
au-bom,Bureau of Meteorology Water Division,,Retired
au-imos,Australia's Integrated Marine Observing System (IMOS),,Pre-operational
bb-barbadosmetservices,Meteorological Services (Barbados),,Operational
bf-anam,Direction de la Météorologie (Burkina Faso),,Operational
bg-nimh,National Institute of Meteorology and Hydrology (Bulgaria),,Operational
bi-igebu,Institut Géographique du Burundi (IGEBU),,Operational
bj-meteobenin,Agence Nationale de la Météorologie (METEO-BENIN),,Operational
bn-bdmd,Brunei Darussalam Meteorological Department,,Operational
br-inmet,Instituto Nacional de Meteorología (Brazil),,Operational
br-inmet-global-broker,"Instituto Nacional de Meteorología (Brazil), Global Broker Service",,Operational
bs-metservice,Department of Meteorology (Bahamas),,Operational
by-belgidromet,Department of Hydrometeorology (Belarus),,Operational
bz-nms,National Meteorological Service (Belize),,Operational
ca-eccc-msc,Meteorological Service of Canada,,Operational
ca-eccc-msc-global-discovery-catalogue,"Meteorological Service of Canada, Global Discovery Catalogue Service",,Operational
cg-met,Direction de la Météorologie Nationale (Congo),,Operational
ch-meteoswiss,MeteoSwiss,,Pre-operational
cl-meteochile,Dirección Meteorológica de Chile,,Operational
cm-meteocameroon,Direction de la Météorologie Nationale (Cameroon),,Operational
cn-cma,China Meteorological Administration,,Operational
cn-cma-global-broker,"China Meteorological Administration, Global Broker Service",,Operational
cn-cma-global-cache,"China Meteorological Administration, Global Cache Service",,Operational
cn-cma-global-discovery-catalogue,"China Meteorological Administration, Global Discovery Catalogue Service",,Operational
cn-cma-global-monitor,"China Meteorological Administration, Global Monitor Service",,Operational
cn-cma-wis2-to-gts,"China Meteorological Administration, WIS2 to GTS Gateway Service",,Operational
co-ideam,"Instituto de Hidrología, Meteorología y Estudios Ambientales (IDEAM),Colombia",,Operational
cr-imn,Instituto Meteorológico Nacional(Costa Rica),,Operational
cu-insmet,Instituto de Meteorología (Cuba),,Operational
cy-dom,Meteorological Service (Cyprus),,Operational
data-metoffice-noaa-global-cache,"Met Office (Exeter) (United Kingdom of Great Britain and Northern Ireland) and National Oceanic and Atmospheric Administration, National Weather Service (United States of America), Global Cache Service",,Operational
de-dwd,Deutscher Wetterdienst (Germany),,Operational
de-dwd-global-cache,"Deutscher Wetterdienst (Germany), Global Cache Service",,Operational
de-dwd-global-discovery-catalogue,"Deutscher Wetterdienst (Germany), Global Discovery Catalogue Service",,Operational
de-dwd-gts-to-wis2,"Deutscher Wetterdienst (Germany), GTS to WIS2 Gateway Service",,Operational
dj-anm,Agence Nationale de la Météorologie de Djibouti,,Operational
dk-dmi-opendata,Danish Meteorological Institute (Denmark),,Retired
dm-dms,Dominica Meteorological Services,,Operational
dz-meteoalgerie,Office National de la Météorologie (Algeria),,Operational
eu-eumetnet-amdar,EUMETNET AMDAR (Aircraft Meteorological Data Relay),,Pre-operational
eu-eumetnet-femdi,WIS Centre (other),,Inactive
eu-eumetnet-gnss,EUMETNET Global Navigation Satellite System (GNSS) Water Vapour Observations,,Pre-operational
eu-eumetnet-profiles,EUMETNET Vertical Profile Observations,,Pre-operational
eu-eumetnet-surface-observations,EUMETNET Surface Observations,,Pre-operational
eu-eumetnet-warnings,MeteoAlarm,,Pre-operational
eu-eumetnet-weather-radar,EUMETNET Weather Radar Network,,Pre-operational
fi-fmi,Finnish Meteorological Institute,,Pre-operational
fr-ifremer-argo,French Research Institute for Exploitation of the Sea (Ifremer),,pre-operational
fr-meteofrance,Météo-France (Toulouse),,Operational
fr-meteofrance-global-broker,"Météo-France (Toulouse), Global Broker Service",,Operational
gd-metservice,CMO Member (Grenada),,Operational
gh-gmet,Ghana Meteorological Agency,,Operational
gn-anm,Direction Nationale de la Météorologie (Guinea),,Operational
gn-meteo-guinee-conakry,Direction Nationale de la Météorologie (Guinea),,Retired
gy-hydromet,Hydrometeorological Service (Guyana),,Operational
hk-hko,Hong Kong Observatory,,Operational
hk-hko-swic,"World Weather Information Service (WWIS) (Hong Kong, China)",,Operational
hn-cenaos,Centro de Estudios Atmosféricos Oceanográficos y Sísmicos (CENAOS),,Operational
id-bmkg,"Agency for Meteorology,Climatology and Geophysics (Indonesia)",,Operational
il-ims,Israel Meteorological Service,,Operational
in-imd,India Meteorological Department,,Operational
int-ecmwf,European Centre for Medium-Range Weather Forecasts (ECMWF),,Operational
int-eumetsat,European Organization for the Exploitation of Meteorological Satellites (EUMETSAT),,Operational
ir-irimo,Islamic Republic of Iran Meteorological Organization,,Operational
it-meteoam,Servizio Meteorológico (Italy),,Operational
jm-msj,Meteorological Service (Jamaica),,Operational
jp-jma,Japan Meteorological Agency,,Operational
jp-jma-global-cache,"Japan Meteorological Agency, Global Cache Service",,Operational
jp-jma-gts-to-wis2,"Japan Meteorological Agency, GTS to WIS2 Gateway Service",,Operational
ke-meteo,Kenya Meteorological Department,,Operational
kg-kyrgyzhydromet,Hydrometeorological Service under the Ministry of Emergency Situations of the Kyrgyz Republic — Kyrgyzhydromet,,Operational
kn-metservice,St Kitts and Nevis Meteorological Service,,Operational
kr-kma,Korea Meteorological Administration,,Operational
kr-kma-global-cache,"Korea Meteorological Administration, Global Cache Service",,Operational
ky-cinws,Caribbean Meteorological Organization (Cayman Islands),,Operational
kz-kazhydromet,National Meteorological and Hydrological Service (Almaty) (Kazakhstan),,Operational
lc-metservice,Saint Lucia Meteorological Service,,Operational
ly-lnmc,Libyan National Meteorological Centre,,Operational
ma-marocmeteo,Direction de la Météorologie Nationale (Morocco),,Operational
ma-marocmeteo-global-monitor,"Direction de la Météorologie Nationale (Morocco), Global Monitor Service",,Operational
ml-malimeteo,"National Meteorological Agency (MALI METEO), Mali",,Operational
ms-metservice,Caribbean Meteorological Organization (Montserrat),,Operational
mw-dccms,Malawi Meteorological Services,,Operational
my-metmalaysia,Malaysian Meteorological Department,,Operational
mz-inam,Instituto Nacional de Meteorología (INAM) (Mozambique),,Operational
na-meteona,Namibia Meteorological Service,,Operational
ng-nimet,Nigerian Meteorological Agency,,Operational
np-nepalmet,Department of Hydrology and Meteorology (Nepal),,Operational
nz-metservice,New Zealand National Meteorological Service,,Operational
org-woudc,World Ozone and Ultraviolet Radiation Data Centre (WOUDC),,Operational
pe-senamhi,Servicio Nacional de Meteorología e Hidrología del Perú,,Operational
ph-pagasa,Philippine Atmospheric Geophysical and Astronomical Services Administration,,Operational
pl-imgw,Institute of Meteorology and Water Management (Poland),,Operational
ro-meteoromania,National Meteorological Administration,,Pre-operational
ru-aviamettelecom,Russian Federal Service for Hydrometeorology and Environmental Monitoring,,Retired
ru-roshydromet,Russian Federal Service for Hydrometeorology and Environmental Monitoring,,Operational
rw-rma,Rwanda Meteorology Agency,,Operational
sa-ncm,National Center for Meteorology (Saudi Arabia),,Operational
sa-ncm-global-cache,"National Center for Meteorology (Saudi Arabia), Global Cache Service",,Operational
sc-seychelles-met,Seychelles Meteorological Authority,,Operational
se-smhi,Swedish Meteorological and Hydrological Institute,,Operational
sg-mss,Meteorological Services Division (Singapore),,Operational
sg-mss-asmc,ASEAN Specialized Meteorological Centre (ASMC) (Singapore),,Operational
sn-anacim,Agence Nationale de l'Aviation Civile et de la Météorologie (ANACIM) (Senegal),,Operational
ss-ssms,South Sudan Meteorological Services,,Operational
sx-metservice,Meteorological Department Curaçao (Curaçao and Sint Maarten),,Operational
sz-swazimet,Eswatini Meteorological Service,,Operational
tc-metservice,Caribbean Meteorological Organization (Turks and Caicos Islands),,Operational
td-anam,Direction des Ressources en Eau et de la Météorologie (Chad),,Operational
tg-anamet,Agence Nationale de la Météorologie du Togo (ANAMET),,Operational
th-tmd,Thai Meteorological Department,,Operational
tt-trin-met,Meteorological Service (Trinidad and Tobago),,Operational
tz-tma,Tanzania Meteorological Agency,,Operational
uk-bas,British Antarctic Survey (BAS) (United Kingdom of Great Britain and Northern Ireland),,Pre-operational
uk-metoffice,Met Office (Exeter) (United Kingdom of Great Britain and Northern Ireland),,Operational
uk-metoffice-globalwave,Specialized Ocean & Wave Forecasting Centre (United Kingdom of Great Britain and Northern Ireland),,Pre-operational
uk-metoffice-nmc,Met Office (Exeter) (United Kingdom of Great Britain and Northern Ireland),,Retired
uk-metoffice-wis2-to-gts,"Met Office (Exeter) (United Kingdom of Great Britain and Northern Ireland), WIS2 to GTS Gateway Service",,Operational
uk-metoffice-wmc,RSMC–Numerical Weather Prediction (NWP) (United Kingdom of Great Britain and Northern Ireland),,Operational
us-cimss,"National Environmental Satellite, Data, and Information Service (NESDIS) (United States of America)",,Operational
us-noaa-global-broker,"National Oceanic and Atmospheric Administration, National Weather Service (United States of America), Global Broker Service",,Operational
us-noaa-nws,"National Oceanic and Atmospheric Administration, National Weather Service (United States of America)",,Operational
us-noaa-synoptic,"National Oceanic and Atmospheric Administration, National Weather Service (United States of America)",,Operational
us-synoptic-uas,"National Oceanic and Atmospheric Administration, National Weather Service (United States of America)",,Operational
us-ucsd-scripps-ldl,WIS Centre (other)/University of California San Diego (United States of America),,Operational
uy-inumet,Dirección Nacional de Meteorología (Uruguay),,Operational
vc-metservice,CMO Member (St. Vincent and the Grenadines),,Operational
ve-inameh,"Instituto Nacional de Meteorología e Hidrología (INAMEH), Venezuela (Bolivarian Republic of)",,Operational
vg-metservice,Caribbean Meteorological Organization (British Virgin Islands),,Operational
za-weathersa,South African Weather Service,,Operational
zm-zmd,Zambia Meteorological Department,,Operational
zw-msd,Zimbabwe Meteorological Services Department,,Operational
